TITLE,CATEGORY
How U.S. discourages foreign investors,b
This is how a stock is born,b
Sam Adams' small business push,b
Why airline profits are good for everyone,b
U.K. Election: Pro-business consensus at risk?,b
Commerce secretary: Women entrepreneurs need access to capital,b
Gross factory farm footage could be made illegal,b
How banking could jeopardize legal pot,b
Why am I paying $10 for juice!?,b
More retailers dropping Trump products,b
The business of 'Top Chef',b
Entrepreneurs: Obamacare delay not enough,b
Inside the world's oldest department store,b
ISIS is bad publicity for businesses,b
Why Starwood doesn't own many hotels,b
Entrepreneur makes money from China smog,b
Business leaders react to 'hard' Brexit plan,b
State of U.S. economy amid banking failures and debt ceiling debate,b
Tesco reports $408 million profit error,b
How close does Trump remain to his foreign businesses?,b
Is the GOP still the party of business?,b
Taxes crush small businesses in Italy,b
The biggest business stories of 2012,b
Why China loves Starwood hotels,b
Starbucks CEO: Growth isn't a strategy,b
"Text, call or email for your latte",b
Why this pot business deodorizes its cash,b
Business as usual for firms in Iran?,b
Kim Kardashian's best business advice,b
Trump's business panels disband post-Charlottesville,b
The business of 'Top Chef',b
Entrepreneurs: Obamacare delay not enough,b
Inside the world's oldest department store,b
ISIS is bad publicity for businesses,b
Why Starwood doesn't own many hotels,b
Entrepreneur makes money from China smog,b
Business leaders react to 'hard' Brexit plan,b
State of U.S. economy amid banking failures and debt ceiling debate,b
Tesco reports $408 million profit error,b
How close does Trump remain to his foreign businesses?,b
Is the GOP still the party of business?,b
Taxes crush small businesses in Italy,b
The biggest business stories of 2012,b
Why China loves Starwood hotels,b
Starbucks CEO: Growth isn't a strategy,b
"Text, call or email for your latte",b
Why this pot business deodorizes its cash,b
Business as usual for firms in Iran?,b
Kim Kardashian's best business advice,b
Trump's business panels disband post-Charlottesville,b
Trump dissolves business councils,b
Hear what makes Kim Kardashian's businesses 'magic',b
Former Hooters waitress building billion dollar businesses,b
Human trafficking is a $100 billion business,b
"GM CEO: We want profits, not volume",b
Market Basket: A win for employees,b
I had no idea the BBB gave my company an 'F',b
How online purchases are delivered in China,b
Former Hooters waitress building billion dollar businesses,b
Trump: I will turn business over to my sons,b
Is the GOP still the party of business?,b
Taxes crush small businesses in Italy,b
The biggest business stories of 2012,b
Why China loves Starwood hotels,b
Starbucks CEO: Growth isn't a strategy,b
"Text, call or email for your latte",b
Why this pot business deodorizes its cash,b
Business as usual for firms in Iran?,b
Kim Kardashian's best business advice,b
Trump's business panels disband post-Charlottesville,b
Trump dissolves business councils,b
Hear what makes Kim Kardashian's businesses 'magic',b
Former Hooters waitress building billion dollar businesses,b
Human trafficking is a $100 billion business,b
"GM CEO: We want profits, not volume",b
Market Basket: A win for employees,b
I had no idea the BBB gave my company an 'F',b
How online purchases are delivered in China,b
Former Hooters waitress building billion dollar businesses,b
Trump: I will turn business over to my sons,b
Why you shouldn't gamble with home equity,b
The man executives turn to for business advice,b
Challenges of doing business in India,b
Carl Icahn: The country must 'be a friend to business',b
How AirAsia turned 25 cents into a billion dollar business,b
Retail stores are closing at an alarming rate,b
Mercedes sales are booming in China,b
'Je Suis Charlie' merchandise a booming cottage industry,b
"Today's Top Business Headlines (May 24, 2017)",b
Manufacturing: The solution to jobs crisis,b
Trump dissolves business councils,b
Hear what makes Kim Kardashian's businesses 'magic',b
Former Hooters waitress building billion dollar businesses,b
Human trafficking is a $100 billion business,b
"GM CEO: We want profits, not volume",b
Market Basket: A win for employees,b
I had no idea the BBB gave my company an 'F',b
How online purchases are delivered in China,b
Former Hooters waitress building billion dollar businesses,b
Trump: I will turn business over to my sons,b
Why you shouldn't gamble with home equity,b
The man executives turn to for business advice,b
Challenges of doing business in India,b
Carl Icahn: The country must 'be a friend to business',b
How AirAsia turned 25 cents into a billion dollar business,b
Retail stores are closing at an alarming rate,b
Mercedes sales are booming in China,b
'Je Suis Charlie' merchandise a booming cottage industry,b
"Today's Top Business Headlines (May 24, 2017)",b
Manufacturing: The solution to jobs crisis,b
Alibaba wants to rule U.S. retail world,b
Small businesses are still scared to hire,b
Business fed up with Hong Kong's Occupiers,b
"Today's Top Business Headlines (May 23, 2017)",b
How ISIS operates as a business,b
Here's what's wrong with the bra business,b
How to turn a wine shop into an insurance company,b
DACA's end could kill these small businesses,b
Trump paid millions to his own businesses during campaign,b
What businesses want from Obama,b
Why you shouldn't gamble with home equity,b
The man executives turn to for business advice,b
Challenges of doing business in India,b
Carl Icahn: The country must 'be a friend to business',b
How AirAsia turned 25 cents into a billion dollar business,b
Retail stores are closing at an alarming rate,b
Mercedes sales are booming in China,b
'Je Suis Charlie' merchandise a booming cottage industry,b
"Today's Top Business Headlines (May 24, 2017)",b
Manufacturing: The solution to jobs crisis,b
Alibaba wants to rule U.S. retail world,b
Small businesses are still scared to hire,b
Business fed up with Hong Kong's Occupiers,b
"Today's Top Business Headlines (May 23, 2017)",b
How ISIS operates as a business,b
Here's what's wrong with the bra business,b
How to turn a wine shop into an insurance company,b
DACA's end could kill these small businesses,b
Trump paid millions to his own businesses during campaign,b
What businesses want from Obama,b
Formula 1: Bad business?,b
Last business back after Boston bombings,b
3 things not to do in business,b
Brookstone is closing all its mall stores,b
This is pot's $3 billion banking problem,b
Biggest corporate fails of 2016 in 60 seconds,b
How do you survive 100 years in business? (2020),b
20 small business deals for Amazon Prime Day 2023,b
Otto Group to use Boston Dynamics robots for e-commerce,b
Wyndham hotels CEO speak on future AI plans for company,b
Alibaba wants to rule U.S. retail world,b
Small businesses are still scared to hire,b
Business fed up with Hong Kong's Occupiers,b
"Today's Top Business Headlines (May 23, 2017)",b
How ISIS operates as a business,b
Here's what's wrong with the bra business,b
How to turn a wine shop into an insurance company,b
DACA's end could kill these small businesses,b
Trump paid millions to his own businesses during campaign,b
What businesses want from Obama,b
Formula 1: Bad business?,b
Last business back after Boston bombings,b
3 things not to do in business,b
Brookstone is closing all its mall stores,b
This is pot's $3 billion banking problem,b
Biggest corporate fails of 2016 in 60 seconds,b
How do you survive 100 years in business? (2020),b
20 small business deals for Amazon Prime Day 2023,b
Otto Group to use Boston Dynamics robots for e-commerce,b
Wyndham hotels CEO speak on future AI plans for company,b
Blanchflower: I see bad signs for the U.S. economy,b
TikTok Shop is now open for business,b
Domino's Pizza to close all 142 stores in Russia,b
Mohamed El-Erian: We've created more moral hazard in the bank system,b
Wellness is big business in South Africa,b
Records: Trump businesses profiting from Trump campaign,b
IKEA to invest $2.2 billion into U.S. expansion,b
IMF sees room for financial growth in Africa,b
Smurfit reports falling profits as shipping volume falls,b
Israel's judicial overhaul hits the tech sector,b
Formula 1: Bad business?,b
Last business back after Boston bombings,b
3 things not to do in business,b
Brookstone is closing all its mall stores,b
This is pot's $3 billion banking problem,b
Biggest corporate fails of 2016 in 60 seconds,b
How do you survive 100 years in business? (2020),b
20 small business deals for Amazon Prime Day 2023,b
Otto Group to use Boston Dynamics robots for e-commerce,b
Wyndham hotels CEO speak on future AI plans for company,b
Blanchflower: I see bad signs for the U.S. economy,b
TikTok Shop is now open for business,b
Domino's Pizza to close all 142 stores in Russia,b
Mohamed El-Erian: We've created more moral hazard in the bank system,b
Wellness is big business in South Africa,b
Records: Trump businesses profiting from Trump campaign,b
IKEA to invest $2.2 billion into U.S. expansion,b
IMF sees room for financial growth in Africa,b
Smurfit reports falling profits as shipping volume falls,b
Israel's judicial overhaul hits the tech sector,b
"WeWork: ""Substantial doubt"" we can stay in business",b
The world’s biggest law firm is splitting off its business in China,b
Chinese exports and imports tumble in July,b
Employees face shift back to working from the office,b
Business travel: Who should claim the air miles?,b
New home sales in China fall 33% in July,b
2016: a busy year for business travel,b
General Motors is closing plants and cutting jobs,b
Entrepreneurs lead the way in accessible travel,b
Small businesses are the tip of the spear in economic downturn,b
Blanchflower: I see bad signs for the U.S. economy,b
TikTok Shop is now open for business,b
Domino's Pizza to close all 142 stores in Russia,b
Mohamed El-Erian: We've created more moral hazard in the bank system,b
Wellness is big business in South Africa,b
Records: Trump businesses profiting from Trump campaign,b
IKEA to invest $2.2 billion into U.S. expansion,b
IMF sees room for financial growth in Africa,b
Smurfit reports falling profits as shipping volume falls,b
Israel's judicial overhaul hits the tech sector,b
"WeWork: ""Substantial doubt"" we can stay in business",b
The world’s biggest law firm is splitting off its business in China,b
Chinese exports and imports tumble in July,b
Employees face shift back to working from the office,b
Business travel: Who should claim the air miles?,b
New home sales in China fall 33% in July,b
2016: a busy year for business travel,b
General Motors is closing plants and cutting jobs,b
Entrepreneurs lead the way in accessible travel,b
Small businesses are the tip of the spear in economic downturn,b
How business travellers can beat the budget,b
Cuban entrepreneurs get a crash course in business,b
A crash course in business for Cuban entrepreneurs,b
China vows to support private businesses in bid to boost economic growth,b
Philanthropist Howard Buffett joins CNN to talk about Russia canceling the grain deal.,b
Elon Musk reports Twitter ad revenue down,b
The company trying to make cleaner concrete,b
Support small businesses this Amazon Prime Day by shopping these deals,b
Companies accused of breaking pledges to leave Russia,b
Support small businesses this Amazon Prime Day by shopping these deals,b
"WeWork: ""Substantial doubt"" we can stay in business",b
The world’s biggest law firm is splitting off its business in China,b
Chinese exports and imports tumble in July,b
Employees face shift back to working from the office,b
Business travel: Who should claim the air miles?,b
New home sales in China fall 33% in July,b
2016: a busy year for business travel,b
General Motors is closing plants and cutting jobs,b
Entrepreneurs lead the way in accessible travel,b
Small businesses are the tip of the spear in economic downturn,b
How business travellers can beat the budget,b
Cuban entrepreneurs get a crash course in business,b
A crash course in business for Cuban entrepreneurs,b
China vows to support private businesses in bid to boost economic growth,b
Philanthropist Howard Buffett joins CNN to talk about Russia canceling the grain deal.,b
Elon Musk reports Twitter ad revenue down,b
The company trying to make cleaner concrete,b
Support small businesses this Amazon Prime Day by shopping these deals,b
Companies accused of breaking pledges to leave Russia,b
Support small businesses this Amazon Prime Day by shopping these deals,b
How this non-profit hopes to shape the future of Africa from abroad,b
Commercial real estate under pressure,b
How do you build a successful business? Cape Town's female entrepreneurs hold the answers,b
OECD: Global economy is improving but remains fragile,b
Growing number of small businesses worry about inflation and the economy’s future,b
‘Labor hoarding’ is gaining steam as businesses brace for a recession,b
US venture capital titan Sequoia to split off China business amid tension with Beijing,b
Gun shop owner explains decision to close his business,b
Major retailers warn of spending cutbacks,b
Impact entrepreneurs in West Africa,b
How business travellers can beat the budget,b
Cuban entrepreneurs get a crash course in business,b
A crash course in business for Cuban entrepreneurs,b
China vows to support private businesses in bid to boost economic growth,b
Philanthropist Howard Buffett joins CNN to talk about Russia canceling the grain deal.,b
Elon Musk reports Twitter ad revenue down,b
The company trying to make cleaner concrete,b
Support small businesses this Amazon Prime Day by shopping these deals,b
Companies accused of breaking pledges to leave Russia,b
Support small businesses this Amazon Prime Day by shopping these deals,b
How this non-profit hopes to shape the future of Africa from abroad,b
Commercial real estate under pressure,b
How do you build a successful business? Cape Town's female entrepreneurs hold the answers,b
OECD: Global economy is improving but remains fragile,b
Growing number of small businesses worry about inflation and the economy’s future,b
‘Labor hoarding’ is gaining steam as businesses brace for a recession,b
US venture capital titan Sequoia to split off China business amid tension with Beijing,b
Gun shop owner explains decision to close his business,b
Major retailers warn of spending cutbacks,b
Impact entrepreneurs in West Africa,b
Small business owners impacted by the ongoing debt debate in the U.S.,b
Company selling tickets for high-end dining on the edge of space for 2024,b
Whiskey business: Investors look to cash in on casks,b
Shopify lists entrepreneurial hotspots around the world,b
A barbecue frenzy is gripping China. Can street food revive the economy?,b
"Bob Diamond talks EU growth projections, bank turmoil",b
Doing business in Botswana,b
PacWest shares fall heavily after fall in deposits,b
"Maersk CEO on a ""radically changed business environment""",b
"Sotheby's CEO: Most items we sell fetch less than $25,000",b
How this non-profit hopes to shape the future of Africa from abroad,b
Commercial real estate under pressure,b
How do you build a successful business? Cape Town's female entrepreneurs hold the answers,b
OECD: Global economy is improving but remains fragile,b
Growing number of small businesses worry about inflation and the economy’s future,b
‘Labor hoarding’ is gaining steam as businesses brace for a recession,b
US venture capital titan Sequoia to split off China business amid tension with Beijing,b
Gun shop owner explains decision to close his business,b
Major retailers warn of spending cutbacks,b
Impact entrepreneurs in West Africa,b
Small business owners impacted by the ongoing debt debate in the U.S.,b
Company selling tickets for high-end dining on the edge of space for 2024,b
Whiskey business: Investors look to cash in on casks,b
Shopify lists entrepreneurial hotspots around the world,b
A barbecue frenzy is gripping China. Can street food revive the economy?,b
"Bob Diamond talks EU growth projections, bank turmoil",b
Doing business in Botswana,b
PacWest shares fall heavily after fall in deposits,b
"Maersk CEO on a ""radically changed business environment""",b
"Sotheby's CEO: Most items we sell fetch less than $25,000",b
The future of travel,b
Qatar Airways CEO talks competition in the region's aviation,b
CEO of JPMorgan Chase talks about possibility of U.S. recession,b
Commercial real estate is in trouble. Why you should be paying attention,b
Dovrat: ChatGPT will change the way we do business,b
AI employees in China,b
Chinese companies are hiring AI-employees,b
Tech company co-founders talk about their new life,b
This CEO created his multinational company with 7 dollars,b
How women entrepreneurs thrive in Nigeria's burgeoning tech scene,b
Small business owners impacted by the ongoing debt debate in the U.S.,b
Company selling tickets for high-end dining on the edge of space for 2024,b
Whiskey business: Investors look to cash in on casks,b
Shopify lists entrepreneurial hotspots around the world,b
A barbecue frenzy is gripping China. Can street food revive the economy?,b
"Bob Diamond talks EU growth projections, bank turmoil",b
Doing business in Botswana,b
PacWest shares fall heavily after fall in deposits,b
"Maersk CEO on a ""radically changed business environment""",b
"Sotheby's CEO: Most items we sell fetch less than $25,000",b
The future of travel,b
Qatar Airways CEO talks competition in the region's aviation,b
CEO of JPMorgan Chase talks about possibility of U.S. recession,b
Commercial real estate is in trouble. Why you should be paying attention,b
Dovrat: ChatGPT will change the way we do business,b
AI employees in China,b
Chinese companies are hiring AI-employees,b
Tech company co-founders talk about their new life,b
This CEO created his multinational company with 7 dollars,b
How women entrepreneurs thrive in Nigeria's burgeoning tech scene,b
How informal business thrives in South Africa,b
How Africa became a priority for this company's strategy,b
Plant-based in Africa: These entrepreneurs are paving the way,b
The entrepreneurs inspiring innovation in Africa,b
How a traditional pewter company is adapting with the times,b
CEO: Failure is school. Failure is where you learn,b
Business leaders explain how recessions impact Black business owners,b
New book reveals Trump's unusual business practices,b
You could soon receive even more emails after shopping on Amazon,b
Small businesses are feeling slightly better about inflation,b
The future of travel,b
Qatar Airways CEO talks competition in the region's aviation,b
CEO of JPMorgan Chase talks about possibility of U.S. recession,b
Commercial real estate is in trouble. Why you should be paying attention,b
Dovrat: ChatGPT will change the way we do business,b
AI employees in China,b
Chinese companies are hiring AI-employees,b
Tech company co-founders talk about their new life,b
This CEO created his multinational company with 7 dollars,b
How women entrepreneurs thrive in Nigeria's burgeoning tech scene,b
How informal business thrives in South Africa,b
How Africa became a priority for this company's strategy,b
Plant-based in Africa: These entrepreneurs are paving the way,b
The entrepreneurs inspiring innovation in Africa,b
How a traditional pewter company is adapting with the times,b
CEO: Failure is school. Failure is where you learn,b
Business leaders explain how recessions impact Black business owners,b
New book reveals Trump's unusual business practices,b
You could soon receive even more emails after shopping on Amazon,b
Small businesses are feeling slightly better about inflation,b
Business leaders across Africa discuss trade challenges and solutions,b
America’s small businesses are running out of workers,b
New business taxes are coming. Wall Street isn’t worried,b
South Africa's hospitality giant bets on tech to lure customers,b
Starbucks is reportedly considering selling its UK business,b
Entrepreneur strives to disrupt the spice trade,b
How this hospitality company is adapting to changes in the workforce,b
BK Yoga Club's mission: make wellness more inclusive,b
'It feels overwhelming': Business owner on the impact of inflation,b
Biden will tout ‘small business boom’ in roundtable with small business owners at White House,b
How informal business thrives in South Africa,b
How Africa became a priority for this company's strategy,b
Plant-based in Africa: These entrepreneurs are paving the way,b
The entrepreneurs inspiring innovation in Africa,b
How a traditional pewter company is adapting with the times,b
CEO: Failure is school. Failure is where you learn,b
Business leaders explain how recessions impact Black business owners,b
New book reveals Trump's unusual business practices,b
You could soon receive even more emails after shopping on Amazon,b
Small businesses are feeling slightly better about inflation,b
Business leaders across Africa discuss trade challenges and solutions,b
America’s small businesses are running out of workers,b
New business taxes are coming. Wall Street isn’t worried,b
South Africa's hospitality giant bets on tech to lure customers,b
Starbucks is reportedly considering selling its UK business,b
Entrepreneur strives to disrupt the spice trade,b
How this hospitality company is adapting to changes in the workforce,b
BK Yoga Club's mission: make wellness more inclusive,b
'It feels overwhelming': Business owner on the impact of inflation,b
Biden will tout ‘small business boom’ in roundtable with small business owners at White House,b
Health care innovations transforming the continent,b
Entrepreneur's blooming business idea wins with customers,b
How to protect your personal finances when you launch a business,b
NYC Baker Turns Passion into Sweet Success,b
Russian economy takes a hit as companies halt business,b
26 women-owned businesses for all your everyday essentials,b
Tristan Harris warns of 'civil war for profit' business model,b
The business leaders connecting Africa,b
How automation and localization is transforming the supply of baked goods in India,b
Here’s why grocery stores are struggling to stock their empty shelves,b
Cirque du Soleil looks to a brighter future with a dazzling New Year's Eve performance.,e
Backstage at Cirque du Soleil ECHO,e
"Taylor Swift, Beyoncé and celeb divorces: These are 2023’s defining pop culture moments",e
"The best new TV shows of 2023, from ‘The Last of Us’ to ‘Beef’",e
Tourist attractions closed in 2024,e
Hollywood Minute: The Stones and Lady Gaga,e
Game On: 'Kerbal Space Program 2: For Science!',e
Now streaming: 'Percy Jackson and the Olympians',e
Hollywood Minute: SAG Awards to honor Barbra Streisand,e
Hollywood Minute: Golden Globes still looking for a host,e
An iconic collaboration between the worlds of high fashion and dance,e
In pictures: Iconic TV producer Norman Lear,e
Hollywood Minute: Pixar's 'pandemic pics' head to theaters,e
Hollywood Minute: 'The Marvels' bottoms out at the box office,e
Hollywood Minute: Godzilla and Kong face 'New Empire',e
Visual artist raises awareness of environmental issues through illuminated images and installations,e
Pictures: New carnival exhibition at Grenada’s underwater sculpture park,e
Hollywood Minute: 'Flower Moon' tops NY Film Critics Circle Awards,e
Hollywood Minute: A new Pokémon series!,e
Here are the 224 best Amazon deals ahead of Cyber Monday 2023,e
Comedy Wildlife Photo Awards 2023: The finalists,e
Capturing the wild days of early-2000s indie rock,e
"Hollywood Minute: Awards for Emma Stone, Cillian Murphy, Kerry Washington",e
Musical based on Paltrow's ski trial to open in London,e
New videogames based on hit movies,e
Hollywood Minute: Music at the Movies,e
Hollywood Minute: 'Ghostbusters' and 'Mean Girls' return,e
Actors' union reaches tentative deal with Hollywood studios,e
Hollywood actors make deal to end long strike,e
Hollywood Minute: Viral music stars Mia x Ally,e
An iconic collaboration between the worlds of high fashion and dance,e
In pictures: Iconic TV producer Norman Lear,e
Hollywood Minute: Pixar's 'pandemic pics' head to theaters,e
Hollywood Minute: 'The Marvels' bottoms out at the box office,e
Hollywood Minute: Godzilla and Kong face 'New Empire',e
Visual artist raises awareness of environmental issues through illuminated images and installations,e
Pictures: New carnival exhibition at Grenada’s underwater sculpture park,e
Hollywood Minute: 'Flower Moon' tops NY Film Critics Circle Awards,e
Hollywood Minute: A new Pokémon series!,e
Here are the 224 best Amazon deals ahead of Cyber Monday 2023,e
Comedy Wildlife Photo Awards 2023: The finalists,e
Capturing the wild days of early-2000s indie rock,e
"Hollywood Minute: Awards for Emma Stone, Cillian Murphy, Kerry Washington",e
Musical based on Paltrow's ski trial to open in London,e
New videogames based on hit movies,e
Hollywood Minute: Music at the Movies,e
Hollywood Minute: 'Ghostbusters' and 'Mean Girls' return,e
Actors' union reaches tentative deal with Hollywood studios,e
Hollywood actors make deal to end long strike,e
Hollywood Minute: Viral music stars Mia x Ally,e
Hollywood Minute: Latest look at 'Hunger Games' prequel,e
"November Movie Preview: animation, action, drama, more",e
These are the horror movies that still haunt us,e
Game On: Spooky season gaming,e
Hollywood Minute: 'Marvel's Spider-Man 2' swings to record,e
Hollywood Minute: 'The Super Mario Bros. Movie' posted on Twitter,e
Hollywood's take on Washington gridlock,e
Media bashing unites conservatives at CPAC,e
Jaw-dropping aerobatic feats at Paris Air Show,e
China's richest man wants a major Hollywood studio,e
Comedy Wildlife Photo Awards 2023: The finalists,e
Capturing the wild days of early-2000s indie rock,e
"Hollywood Minute: Awards for Emma Stone, Cillian Murphy, Kerry Washington",e
Musical based on Paltrow's ski trial to open in London,e
New videogames based on hit movies,e
Hollywood Minute: Music at the Movies,e
Hollywood Minute: 'Ghostbusters' and 'Mean Girls' return,e
Actors' union reaches tentative deal with Hollywood studios,e
Hollywood actors make deal to end long strike,e
Hollywood Minute: Viral music stars Mia x Ally,e
Hollywood Minute: Latest look at 'Hunger Games' prequel,e
"November Movie Preview: animation, action, drama, more",e
These are the horror movies that still haunt us,e
Game On: Spooky season gaming,e
Hollywood Minute: 'Marvel's Spider-Man 2' swings to record,e
Hollywood Minute: 'The Super Mario Bros. Movie' posted on Twitter,e
Hollywood's take on Washington gridlock,e
Media bashing unites conservatives at CPAC,e
Jaw-dropping aerobatic feats at Paris Air Show,e
China's richest man wants a major Hollywood studio,e
Biggest TV event since election night?,e
NBA expands social media outreach,e
Elementary students create animations to highlight social justice issues,e
'SNL' takes on Harvey Weinstein,e
"Trump blames video games, movies for violence",e
Partisan politics and late night TV in Trump era,e
How 'cultural divide' affects perceptions of media,e
Trump v. Cohen is TV's newest drama,e
Lessons from 'Roseanne' ratings success,e
CNN Review: 'Inferno' isn't so hot,e
Hollywood Minute: Latest look at 'Hunger Games' prequel,e
"November Movie Preview: animation, action, drama, more",e
These are the horror movies that still haunt us,e
Game On: Spooky season gaming,e
Hollywood Minute: 'Marvel's Spider-Man 2' swings to record,e
Hollywood Minute: 'The Super Mario Bros. Movie' posted on Twitter,e
Hollywood's take on Washington gridlock,e
Media bashing unites conservatives at CPAC,e
Jaw-dropping aerobatic feats at Paris Air Show,e
China's richest man wants a major Hollywood studio,e
Biggest TV event since election night?,e
NBA expands social media outreach,e
Elementary students create animations to highlight social justice issues,e
'SNL' takes on Harvey Weinstein,e
"Trump blames video games, movies for violence",e
Partisan politics and late night TV in Trump era,e
How 'cultural divide' affects perceptions of media,e
Trump v. Cohen is TV's newest drama,e
Lessons from 'Roseanne' ratings success,e
CNN Review: 'Inferno' isn't so hot,e
Lawsuits against media outlets are piling up,e
Couric on the 'male hierarchy' of TV news,e
Why Dreamworks is buying YouTube channels,e
"No, the media does not 'love mass shootings'",e
Hollywood Minute: 'Transformers: Rise of the Beasts',e
Media layoffs pile up,e
What's broken about media? Can it be fixed?,e
Media losing the thread on the NFL protests?,e
Is Trump auditioning for a future Trump TV Network?,e
Game On: 'Hot Wheels Rift Rally',e
Biggest TV event since election night?,e
NBA expands social media outreach,e
Elementary students create animations to highlight social justice issues,e
'SNL' takes on Harvey Weinstein,e
"Trump blames video games, movies for violence",e
Partisan politics and late night TV in Trump era,e
How 'cultural divide' affects perceptions of media,e
Trump v. Cohen is TV's newest drama,e
Lessons from 'Roseanne' ratings success,e
CNN Review: 'Inferno' isn't so hot,e
Lawsuits against media outlets are piling up,e
Couric on the 'male hierarchy' of TV news,e
Why Dreamworks is buying YouTube channels,e
"No, the media does not 'love mass shootings'",e
Hollywood Minute: 'Transformers: Rise of the Beasts',e
Media layoffs pile up,e
What's broken about media? Can it be fixed?,e
Media losing the thread on the NFL protests?,e
Is Trump auditioning for a future Trump TV Network?,e
Game On: 'Hot Wheels Rift Rally',e
Where to watch the wedding in the U.S.?,e
"$2,500 to live like a celebrity for a day",e
Media stocks climb on AT&T ruling,e
How the media can help dissect propaganda,e
Bollywood in 60 seconds,e
You spent $25 on WHAT at Dave and Busters?,e
Korean pop star's art collection draws young crowd,e
The reason why Super Bowl ads are worth it,e
Here are 2015's best new theme park rides,e
Ringling Bros. Circus gets a tech makeover,e
Lawsuits against media outlets are piling up,e
Couric on the 'male hierarchy' of TV news,e
Why Dreamworks is buying YouTube channels,e
"No, the media does not 'love mass shootings'",e
Hollywood Minute: 'Transformers: Rise of the Beasts',e
Media layoffs pile up,e
What's broken about media? Can it be fixed?,e
Media losing the thread on the NFL protests?,e
Is Trump auditioning for a future Trump TV Network?,e
Game On: 'Hot Wheels Rift Rally',e
Where to watch the wedding in the U.S.?,e
"$2,500 to live like a celebrity for a day",e
Media stocks climb on AT&T ruling,e
How the media can help dissect propaganda,e
Bollywood in 60 seconds,e
You spent $25 on WHAT at Dave and Busters?,e
Korean pop star's art collection draws young crowd,e
The reason why Super Bowl ads are worth it,e
Here are 2015's best new theme park rides,e
Ringling Bros. Circus gets a tech makeover,e
World Cup: Are you watching at work?,e
Turmoil at major media outlets,e
"Today's Top Business Headlines (May 24, 2017)",e
Love & laughter at the royal wedding,e
Was the press dinner a setback for journalism?,e
Crazy viral videos build buzz for brands,e
A brief history of contentious presidential press conferences,e
"Today's Top Business Headlines (May 23, 2017)",e
Dishing on Korean pop culture,e
Video shows altercation on flight,e
Where to watch the wedding in the U.S.?,e
"$2,500 to live like a celebrity for a day",e
Media stocks climb on AT&T ruling,e
How the media can help dissect propaganda,e
Bollywood in 60 seconds,e
You spent $25 on WHAT at Dave and Busters?,e
Korean pop star's art collection draws young crowd,e
The reason why Super Bowl ads are worth it,e
Here are 2015's best new theme park rides,e
Ringling Bros. Circus gets a tech makeover,e
World Cup: Are you watching at work?,e
Turmoil at major media outlets,e
"Today's Top Business Headlines (May 24, 2017)",e
Love & laughter at the royal wedding,e
Was the press dinner a setback for journalism?,e
Crazy viral videos build buzz for brands,e
A brief history of contentious presidential press conferences,e
"Today's Top Business Headlines (May 23, 2017)",e
Dishing on Korean pop culture,e
Video shows altercation on flight,e
Dummies destroyed: Fireworks danger on display,e
Outrageous 'Jerry Springer Show' moments through the years,e
This is as close to reliving Pan Am as you'll get,e
Madonna’s most iconic tour outfits,e
Hollywood Minute: Dan Reynolds on the LOVELOUD tour,e
Hollywood Minute: 'Eras Tour' draws raves from critics,e
Spooky streaming: 'Goosebumps',e
Hollywood Minute: Taylor Swift film aims for the record books,e
Families await news on loved ones attending music festival in Israel,e
Game On: Music of 'Assassin's Creed: Mirage',e
World Cup: Are you watching at work?,e
Turmoil at major media outlets,e
"Today's Top Business Headlines (May 24, 2017)",e
Love & laughter at the royal wedding,e
Was the press dinner a setback for journalism?,e
Crazy viral videos build buzz for brands,e
A brief history of contentious presidential press conferences,e
"Today's Top Business Headlines (May 23, 2017)",e
Dishing on Korean pop culture,e
Video shows altercation on flight,e
Dummies destroyed: Fireworks danger on display,e
Outrageous 'Jerry Springer Show' moments through the years,e
This is as close to reliving Pan Am as you'll get,e
Madonna’s most iconic tour outfits,e
Hollywood Minute: Dan Reynolds on the LOVELOUD tour,e
Hollywood Minute: 'Eras Tour' draws raves from critics,e
Spooky streaming: 'Goosebumps',e
Hollywood Minute: Taylor Swift film aims for the record books,e
Families await news on loved ones attending music festival in Israel,e
Game On: Music of 'Assassin's Creed: Mirage',e
Hollywood Minute: $100M presale for Taylor Swift concert film,e
October movie preview,e
Hollywood Minute: Beyoncé puts her Renaissance tour on the big screen,e
CNN Editor reviews new Las Vegas Sphere. Hear what he thought,e
Hollywood Minute: 'Saw X' reviews best of series,e
Hollywood Minute: 'The Exorcist' returns to haunt theaters,e
Hollywood Minute: 'Squid Game' reality show,e
Hollywood Minute: Britney's big screen return,e
Usher set to headline 2024 Super Bowl halftime show,e
"Coming (again!) to a theater near you: Britney Spears’ ‘Crossroads,’ ‘Hunger Games,’ and some scares",e
Dummies destroyed: Fireworks danger on display,e
Outrageous 'Jerry Springer Show' moments through the years,e
This is as close to reliving Pan Am as you'll get,e
Madonna’s most iconic tour outfits,e
Hollywood Minute: Dan Reynolds on the LOVELOUD tour,e
Hollywood Minute: 'Eras Tour' draws raves from critics,e
Spooky streaming: 'Goosebumps',e
Hollywood Minute: Taylor Swift film aims for the record books,e
Families await news on loved ones attending music festival in Israel,e
Game On: Music of 'Assassin's Creed: Mirage',e
Hollywood Minute: $100M presale for Taylor Swift concert film,e
October movie preview,e
Hollywood Minute: Beyoncé puts her Renaissance tour on the big screen,e
CNN Editor reviews new Las Vegas Sphere. Hear what he thought,e
Hollywood Minute: 'Saw X' reviews best of series,e
Hollywood Minute: 'The Exorcist' returns to haunt theaters,e
Hollywood Minute: 'Squid Game' reality show,e
Hollywood Minute: Britney's big screen return,e
Usher set to headline 2024 Super Bowl halftime show,e
"Coming (again!) to a theater near you: Britney Spears’ ‘Crossroads,’ ‘Hunger Games,’ and some scares",e
Animated comedy 'Young Love',e
Survey: Three quarters of UK film and TV workers currently out of work,e
Entertainment strikes pushing toward $6 billion in losses: ‘It just gets worse each day’,e
Artists unite in concert to shine a spotlight on extreme poverty,e
Boebert apologizes after new video appears to contradict her account about what happened at theater,e
The celebrities in attendance at Ralph Lauren’s Spring-Summer 2024 runway show,e
You can host a private Swiftie party at a movie theater,e
These multimedia changemakers are showcasing their heritage in film and music,e
How we'll play in 2050,e
How we'll play in 2050,e
Hollywood Minute: $100M presale for Taylor Swift concert film,e
October movie preview,e
Hollywood Minute: Beyoncé puts her Renaissance tour on the big screen,e
CNN Editor reviews new Las Vegas Sphere. Hear what he thought,e
Hollywood Minute: 'Saw X' reviews best of series,e
Hollywood Minute: 'The Exorcist' returns to haunt theaters,e
Hollywood Minute: 'Squid Game' reality show,e
Hollywood Minute: Britney's big screen return,e
Usher set to headline 2024 Super Bowl halftime show,e
"Coming (again!) to a theater near you: Britney Spears’ ‘Crossroads,’ ‘Hunger Games,’ and some scares",e
Animated comedy 'Young Love',e
Survey: Three quarters of UK film and TV workers currently out of work,e
Entertainment strikes pushing toward $6 billion in losses: ‘It just gets worse each day’,e
Artists unite in concert to shine a spotlight on extreme poverty,e
Boebert apologizes after new video appears to contradict her account about what happened at theater,e
The celebrities in attendance at Ralph Lauren’s Spring-Summer 2024 runway show,e
You can host a private Swiftie party at a movie theater,e
These multimedia changemakers are showcasing their heritage in film and music,e
How we'll play in 2050,e
How we'll play in 2050,e
America's Most-Popular Sport Striving to Make a Violent Game Safer,e
Now streaming: 'Sitting in Bars with Cake',e
Hollywood Minute: Annette Bening dives in,e
Hollywood Minute: A new 'Chicken Run',e
Cable dispute ups entertainment industry pressure,e
Saudi Arabia bids to become a global gaming and esports hub,e
Now streaming: 'One Piece' live-action series,e
Hollywood Minute: Taylor Swift's one billion streams,e
Hollywood Minute: Imagine Dragons blast off in 'Starfield' music video,e
"Taylor Swift's ""Eras"" tour movie breaks records at AMC Theaters",e
Animated comedy 'Young Love',e
Survey: Three quarters of UK film and TV workers currently out of work,e
Entertainment strikes pushing toward $6 billion in losses: ‘It just gets worse each day’,e
Artists unite in concert to shine a spotlight on extreme poverty,e
Boebert apologizes after new video appears to contradict her account about what happened at theater,e
The celebrities in attendance at Ralph Lauren’s Spring-Summer 2024 runway show,e
You can host a private Swiftie party at a movie theater,e
These multimedia changemakers are showcasing their heritage in film and music,e
How we'll play in 2050,e
How we'll play in 2050,e
America's Most-Popular Sport Striving to Make a Violent Game Safer,e
Now streaming: 'Sitting in Bars with Cake',e
Hollywood Minute: Annette Bening dives in,e
Hollywood Minute: A new 'Chicken Run',e
Cable dispute ups entertainment industry pressure,e
Saudi Arabia bids to become a global gaming and esports hub,e
Now streaming: 'One Piece' live-action series,e
Hollywood Minute: Taylor Swift's one billion streams,e
Hollywood Minute: Imagine Dragons blast off in 'Starfield' music video,e
"Taylor Swift's ""Eras"" tour movie breaks records at AMC Theaters",e
CNN tours Oliver Anthony's hometown,e
T-Pain in your living room: Are virtual concerts the future of live entertainment?,e
National Cinema Day is back with $4 movie tickets,e
"DC's ""Blue Beetle"" makes cinematic history",e
Pop Culture 2022: The Year of the Overdog,e
Watch moose sneak into movie theater,e
Hollywood Minute: 'Enter The Dragon' back in theaters,e
Hollywood Minute: WGA strike hits late-night shows,e
Opinion: We no longer know how to behave in public,e
Hollywood’s math problem: Getting paid for streaming ‘hits’ first means identifying them,e
America's Most-Popular Sport Striving to Make a Violent Game Safer,e
Now streaming: 'Sitting in Bars with Cake',e
Hollywood Minute: Annette Bening dives in,e
Hollywood Minute: A new 'Chicken Run',e
Cable dispute ups entertainment industry pressure,e
Saudi Arabia bids to become a global gaming and esports hub,e
Now streaming: 'One Piece' live-action series,e
Hollywood Minute: Taylor Swift's one billion streams,e
Hollywood Minute: Imagine Dragons blast off in 'Starfield' music video,e
"Taylor Swift's ""Eras"" tour movie breaks records at AMC Theaters",e
CNN tours Oliver Anthony's hometown,e
T-Pain in your living room: Are virtual concerts the future of live entertainment?,e
National Cinema Day is back with $4 movie tickets,e
"DC's ""Blue Beetle"" makes cinematic history",e
Pop Culture 2022: The Year of the Overdog,e
Watch moose sneak into movie theater,e
Hollywood Minute: 'Enter The Dragon' back in theaters,e
Hollywood Minute: WGA strike hits late-night shows,e
Opinion: We no longer know how to behave in public,e
Hollywood’s math problem: Getting paid for streaming ‘hits’ first means identifying them,e
Canada's largest city celebrates Caribbean culture,e
Blockbuster heatwave helping drive summer movie box office,e
Game On: 'Twisted Metal' goes from game to series,e
African entertainers take CNN on 'My Drive',e
Inside L.A.'s $6.75 million disco home,e
Hollywood Minute: Seth MacFarlane donates $1 million to support strikers,e
'My Drive': Take a ride through local neighborhoods with African entertainers,e
"Netflix picks up ""Supa Team 4""",e
"Hollywood Minute: Elvis, 'Heathers' in theaters",e
Hollywood Minute: New 'Exorcist' trilogy,e
CNN tours Oliver Anthony's hometown,e
T-Pain in your living room: Are virtual concerts the future of live entertainment?,e
National Cinema Day is back with $4 movie tickets,e
"DC's ""Blue Beetle"" makes cinematic history",e
Pop Culture 2022: The Year of the Overdog,e
Watch moose sneak into movie theater,e
Hollywood Minute: 'Enter The Dragon' back in theaters,e
Hollywood Minute: WGA strike hits late-night shows,e
Opinion: We no longer know how to behave in public,e
Hollywood’s math problem: Getting paid for streaming ‘hits’ first means identifying them,e
Canada's largest city celebrates Caribbean culture,e
Blockbuster heatwave helping drive summer movie box office,e
Game On: 'Twisted Metal' goes from game to series,e
African entertainers take CNN on 'My Drive',e
Inside L.A.'s $6.75 million disco home,e
Hollywood Minute: Seth MacFarlane donates $1 million to support strikers,e
'My Drive': Take a ride through local neighborhoods with African entertainers,e
"Netflix picks up ""Supa Team 4""",e
"Hollywood Minute: Elvis, 'Heathers' in theaters",e
Hollywood Minute: New 'Exorcist' trilogy,e
History of Disney theme park attraction movies,e
Hollywood Minute: Massive Disneyland auction scares up $7 million+,e
Battle of the blockbusters,e
GWAR's Tiny Desk Concert,e
Hollywood studios embracing AI technology,e
Black TV dramas didn't used to sell. Here's why,e
Hollywood Minute: Jason Aldean feels the heat,e
Hollywood's use of A.I. a key concern for striking actors and writers,e
Strikes threaten more setbacks for Hollywood amid a summer of flops at the box office,e
How the rise of streaming services helped propel strikes in Hollywood,e
Canada's largest city celebrates Caribbean culture,e
Blockbuster heatwave helping drive summer movie box office,e
Game On: 'Twisted Metal' goes from game to series,e
African entertainers take CNN on 'My Drive',e
Inside L.A.'s $6.75 million disco home,e
Hollywood Minute: Seth MacFarlane donates $1 million to support strikers,e
'My Drive': Take a ride through local neighborhoods with African entertainers,e
"Netflix picks up ""Supa Team 4""",e
"Hollywood Minute: Elvis, 'Heathers' in theaters",e
Hollywood Minute: New 'Exorcist' trilogy,e
History of Disney theme park attraction movies,e
Hollywood Minute: Massive Disneyland auction scares up $7 million+,e
Battle of the blockbusters,e
GWAR's Tiny Desk Concert,e
Hollywood studios embracing AI technology,e
Black TV dramas didn't used to sell. Here's why,e
Hollywood Minute: Jason Aldean feels the heat,e
Hollywood's use of A.I. a key concern for striking actors and writers,e
Strikes threaten more setbacks for Hollywood amid a summer of flops at the box office,e
How the rise of streaming services helped propel strikes in Hollywood,e
Funniest pet photos battle for prize in comedy contest,e
"July 13, 2023 - Actors will go on strike after contract talks collapse",e
Hollywood Minute: Hugh Jackman in 'Oklahoma!',e
Spend a summer at 'Theater Camp',e
Why fans keep throwing things at their favorite artists,e
Concert season is so weird right now,e
"A 'Joy Ride' of laughs, self-discovery",e
Music superstar calls out unruly fans amid uptick in violent attacks at concerts,e
"You can book a pop star for your party, but it's going to cost you ... a lot",e
Game On: 'Harry Potter: Magic Awakened',e
Using Technology to Understand and Fight the Climate Crisis,t
Innovations for greener transport,t
How technology is securing our food and water supplies for future generations,t
How digital art is transforming the museum experience,t
The 32 best tech gifts for everyone on your list,t
Green construction innovations,t
This company envisions a future where humanoid robots are as ubiquitous as smartphones,t
High-tech textiles could make fashion greener,t
Driven to distraction,t
Tech Truce? Almost.,t
Tech to continuously track planes is here,t
Mercedes visualizes the future of driving,t
Africa's tech transformers,t
Buffett on technology replacing jobs,t
Sean Parker doesn't see a tech bubble,t
Mulally on car tech: Safety vs. privacy,t
Big tech's role in the 2018 midterms,t
Fixing U.S. infrastructure,t
Intellectual property theft nearly killed this American company,t
The South African women blazing a trail in robotics,t
Experts detail how this major polluting industry could clean up by 2050,t
Tech companies use new technology for fitness programs,t
Making aviation more sustainable,t
On GPS: The art of artificial intelligence,t
Your AI doctor will see you now: How technology is disrupting medicine and beyond in South Africa,t
The company hoping to transform education with AI,t
Large US tech companies face new EU rules,t
Five ways technology is changing how you get your online shopping and takeout deliveries,t
The health game-changers of the last 500 years,t
Arm set for biggest IPO since 2021,t
Tech to continuously track planes is here,t
Mercedes visualizes the future of driving,t
Africa's tech transformers,t
Buffett on technology replacing jobs,t
Sean Parker doesn't see a tech bubble,t
Mulally on car tech: Safety vs. privacy,t
Big tech's role in the 2018 midterms,t
Fixing U.S. infrastructure,t
Intellectual property theft nearly killed this American company,t
The South African women blazing a trail in robotics,t
Experts detail how this major polluting industry could clean up by 2050,t
Tech companies use new technology for fitness programs,t
Making aviation more sustainable,t
On GPS: The art of artificial intelligence,t
Your AI doctor will see you now: How technology is disrupting medicine and beyond in South Africa,t
The company hoping to transform education with AI,t
Large US tech companies face new EU rules,t
Five ways technology is changing how you get your online shopping and takeout deliveries,t
The health game-changers of the last 500 years,t
Arm set for biggest IPO since 2021,t
Artificial intelligence could help reduce plane emissions,t
The next evolution in tech needs to be nearly frozen to operate. See how it works,t
AI fears overblown? Theoretical physicist calls chatbots ‘glorified tape recorders’,t
How we'll thrive in 2050,t
Should there be a moratorium on AI technology?,t
The state of tech,t
Biden restricts U.S. investments in China's high-tech companies,t
China's government proposes digital screen time limits for minors,t
"AI ushering in a 'profound change in our relationship to machines,' says tech pioneer",t
How technology is aiding some of Africa's largest agricultural producers,t
Experts detail how this major polluting industry could clean up by 2050,t
Tech companies use new technology for fitness programs,t
Making aviation more sustainable,t
On GPS: The art of artificial intelligence,t
Your AI doctor will see you now: How technology is disrupting medicine and beyond in South Africa,t
The company hoping to transform education with AI,t
Large US tech companies face new EU rules,t
Five ways technology is changing how you get your online shopping and takeout deliveries,t
The health game-changers of the last 500 years,t
Arm set for biggest IPO since 2021,t
Artificial intelligence could help reduce plane emissions,t
The next evolution in tech needs to be nearly frozen to operate. See how it works,t
AI fears overblown? Theoretical physicist calls chatbots ‘glorified tape recorders’,t
How we'll thrive in 2050,t
Should there be a moratorium on AI technology?,t
The state of tech,t
Biden restricts U.S. investments in China's high-tech companies,t
China's government proposes digital screen time limits for minors,t
"AI ushering in a 'profound change in our relationship to machines,' says tech pioneer",t
How technology is aiding some of Africa's largest agricultural producers,t
Technology and the future of travel,t
The case for breaking up tech empires,t
Hollywood studios embracing AI technology,t
"Indian tech giant Wipro will invest $1 billion in AI, including training all staff",t
How tech can boost trade in Africa,t
Nigerian visual artist blends technology and art,t
Technology like drones and AI are changing the field of farming,t
New concepts that will change the way we travel,t
The future of robotic technology,t
Recycling laptops for better education,t
Artificial intelligence could help reduce plane emissions,t
The next evolution in tech needs to be nearly frozen to operate. See how it works,t
AI fears overblown? Theoretical physicist calls chatbots ‘glorified tape recorders’,t
How we'll thrive in 2050,t
Should there be a moratorium on AI technology?,t
The state of tech,t
Biden restricts U.S. investments in China's high-tech companies,t
China's government proposes digital screen time limits for minors,t
"AI ushering in a 'profound change in our relationship to machines,' says tech pioneer",t
How technology is aiding some of Africa's largest agricultural producers,t
Technology and the future of travel,t
The case for breaking up tech empires,t
Hollywood studios embracing AI technology,t
"Indian tech giant Wipro will invest $1 billion in AI, including training all staff",t
How tech can boost trade in Africa,t
Nigerian visual artist blends technology and art,t
Technology like drones and AI are changing the field of farming,t
New concepts that will change the way we travel,t
The future of robotic technology,t
Recycling laptops for better education,t
CEOs: AI could soon destroy humanity,t
How we'll learn in 2050,t
Apple may soon show off its biggest and riskiest new hardware product in years,t
How one Nigerian tech company is boosting digital inclusion in Africa,t
How aviation is trying to go greener,t
Bold Pursuits: How technology is solving environmental challenges,t
High-tech museums are looking to the future,t
Artificial intelligence and the future of work,t
How technology can help feed the planet,t
How the Internet of Things has changed our lives,t
Technology and the future of travel,t
The case for breaking up tech empires,t
Hollywood studios embracing AI technology,t
"Indian tech giant Wipro will invest $1 billion in AI, including training all staff",t
How tech can boost trade in Africa,t
Nigerian visual artist blends technology and art,t
Technology like drones and AI are changing the field of farming,t
New concepts that will change the way we travel,t
The future of robotic technology,t
Recycling laptops for better education,t
CEOs: AI could soon destroy humanity,t
How we'll learn in 2050,t
Apple may soon show off its biggest and riskiest new hardware product in years,t
How one Nigerian tech company is boosting digital inclusion in Africa,t
How aviation is trying to go greener,t
Bold Pursuits: How technology is solving environmental challenges,t
High-tech museums are looking to the future,t
Artificial intelligence and the future of work,t
How technology can help feed the planet,t
How the Internet of Things has changed our lives,t
Opinion: America’s big mistake in the war for high-tech talent,t
Inside the Internet of Things,t
Our streets are getting smarter – here’s what roads could look like in the future,t
This futuristic tech is paving the way for smarter streets,t
"Tech leaders call for pause on ""out of control"" A.I. race",t
Decoding the Internet of Things,t
Decoding the Internet of Things,t
How smart cities are leveraging the Internet of Things,t
AI rises to 'top of the list' for tech bosses,t
How driverless trucks and smart factories can transform trade,t
CEOs: AI could soon destroy humanity,t
How we'll learn in 2050,t
Apple may soon show off its biggest and riskiest new hardware product in years,t
How one Nigerian tech company is boosting digital inclusion in Africa,t
How aviation is trying to go greener,t
Bold Pursuits: How technology is solving environmental challenges,t
High-tech museums are looking to the future,t
Artificial intelligence and the future of work,t
How technology can help feed the planet,t
How the Internet of Things has changed our lives,t
Opinion: America’s big mistake in the war for high-tech talent,t
Inside the Internet of Things,t
Our streets are getting smarter – here’s what roads could look like in the future,t
This futuristic tech is paving the way for smarter streets,t
"Tech leaders call for pause on ""out of control"" A.I. race",t
Decoding the Internet of Things,t
Decoding the Internet of Things,t
How smart cities are leveraging the Internet of Things,t
AI rises to 'top of the list' for tech bosses,t
How driverless trucks and smart factories can transform trade,t
Opinion: What SVB’s shocking collapse means for the tech industry – and the US,t
"Hyperloops, supersonic jets and electric aircraft: Here’s what transport could look like by 2050",t
The reality behind aviation’s golden age,t
NATO's new life-saving wearable technology started in a dorm room,t
Dr. Sanjay Gupta: I’m on a mission to understand my daughters’ digital lives in season 6 of my podcast ‘Chasing Life’,t
How we'll travel in 2050,t
How we'll travel in 2050,t
The week that tech became exciting again,t
See how technology is shedding new light on these masterpieces,t
Tech giants like Sony and LG Display are making inroads into the auto sector -- it could change the way we think about cars,t
Opinion: America’s big mistake in the war for high-tech talent,t
Inside the Internet of Things,t
Our streets are getting smarter – here’s what roads could look like in the future,t
This futuristic tech is paving the way for smarter streets,t
"Tech leaders call for pause on ""out of control"" A.I. race",t
Decoding the Internet of Things,t
Decoding the Internet of Things,t
How smart cities are leveraging the Internet of Things,t
AI rises to 'top of the list' for tech bosses,t
How driverless trucks and smart factories can transform trade,t
Opinion: What SVB’s shocking collapse means for the tech industry – and the US,t
"Hyperloops, supersonic jets and electric aircraft: Here’s what transport could look like by 2050",t
The reality behind aviation’s golden age,t
NATO's new life-saving wearable technology started in a dorm room,t
Dr. Sanjay Gupta: I’m on a mission to understand my daughters’ digital lives in season 6 of my podcast ‘Chasing Life’,t
How we'll travel in 2050,t
How we'll travel in 2050,t
The week that tech became exciting again,t
See how technology is shedding new light on these masterpieces,t
Tech giants like Sony and LG Display are making inroads into the auto sector -- it could change the way we think about cars,t
How technology is helping aviation to be more sustainable,t
The US government is still trying to find ways to regulate Big Tech. He has some ideas,t
See CES 2023's weirdest new technologies,t
"From color-changing cars to self-driving strollers, here’s some of the coolest tech from CES 2023",t
Inventor of the world wide web wants us to reclaim our data from tech giants,t
These are the technology trends that will shape our lives in 2023,t
Tech’s biggest show is set to kick off in Las Vegas. Here’s what to expect,t
Throwback tech continues to fascinate us. Do we want an analog future?,t
The tech we couldn’t live without in 2022,t
Analyst: Tech stocks will rise 20% in 2023,t
Opinion: What SVB’s shocking collapse means for the tech industry – and the US,t
"Hyperloops, supersonic jets and electric aircraft: Here’s what transport could look like by 2050",t
The reality behind aviation’s golden age,t
NATO's new life-saving wearable technology started in a dorm room,t
Dr. Sanjay Gupta: I’m on a mission to understand my daughters’ digital lives in season 6 of my podcast ‘Chasing Life’,t
How we'll travel in 2050,t
How we'll travel in 2050,t
The week that tech became exciting again,t
See how technology is shedding new light on these masterpieces,t
Tech giants like Sony and LG Display are making inroads into the auto sector -- it could change the way we think about cars,t
How technology is helping aviation to be more sustainable,t
The US government is still trying to find ways to regulate Big Tech. He has some ideas,t
See CES 2023's weirdest new technologies,t
"From color-changing cars to self-driving strollers, here’s some of the coolest tech from CES 2023",t
Inventor of the world wide web wants us to reclaim our data from tech giants,t
These are the technology trends that will shape our lives in 2023,t
Tech’s biggest show is set to kick off in Las Vegas. Here’s what to expect,t
Throwback tech continues to fascinate us. Do we want an analog future?,t
The tech we couldn’t live without in 2022,t
Analyst: Tech stocks will rise 20% in 2023,t
"Fusion breakthrough: 'Scientifically huge. Technologically, big leaps yet to come', says Brian Greene",t
US officials announce nuclear fusion breakthrough,t
The innovations making aviation greener,t
The entrepreneurs inspiring innovation in Africa,t
The 30 best tech gifts for everyone on your list,t
Tech stocks have been crushed. What’s next for the FAANGs?,t
Why Web3 is the future of the internet,t
These solar-powered vehicles could be the future of transport,t
The women behind West Africa's tech boom,t
Meet the pioneers embracing design as a greener way of life,t
How technology is helping aviation to be more sustainable,t
The US government is still trying to find ways to regulate Big Tech. He has some ideas,t
See CES 2023's weirdest new technologies,t
"From color-changing cars to self-driving strollers, here’s some of the coolest tech from CES 2023",t
Inventor of the world wide web wants us to reclaim our data from tech giants,t
These are the technology trends that will shape our lives in 2023,t
Tech’s biggest show is set to kick off in Las Vegas. Here’s what to expect,t
Throwback tech continues to fascinate us. Do we want an analog future?,t
The tech we couldn’t live without in 2022,t
Analyst: Tech stocks will rise 20% in 2023,t
"Fusion breakthrough: 'Scientifically huge. Technologically, big leaps yet to come', says Brian Greene",t
US officials announce nuclear fusion breakthrough,t
The innovations making aviation greener,t
The entrepreneurs inspiring innovation in Africa,t
The 30 best tech gifts for everyone on your list,t
Tech stocks have been crushed. What’s next for the FAANGs?,t
Why Web3 is the future of the internet,t
These solar-powered vehicles could be the future of transport,t
The women behind West Africa's tech boom,t
Meet the pioneers embracing design as a greener way of life,t
This piece of plastic can turn almost any gun into a machine gun,t
The next frontier in the tech battle between the US and China,t
"From railways to ports, these infrastructure megaprojects are reshaping Africa",t
The innovations solving renewable energy’s biggest problem,t
How this tech giant is developing a more digital Africa,t
This CNN Hero upcycles old computers to open new worlds for young Kenyans,t
CNN Heroes: Nelly Cheboi,t
GrabMaps: Singapore super app unveils new technology,t
"Africa’s next big thing will be its tech startups, says prolific investor",t
The balance of power is shifting in the tech industry,t
"Fusion breakthrough: 'Scientifically huge. Technologically, big leaps yet to come', says Brian Greene",t
US officials announce nuclear fusion breakthrough,t
The innovations making aviation greener,t
The entrepreneurs inspiring innovation in Africa,t
The 30 best tech gifts for everyone on your list,t
Tech stocks have been crushed. What’s next for the FAANGs?,t
Why Web3 is the future of the internet,t
These solar-powered vehicles could be the future of transport,t
The women behind West Africa's tech boom,t
Meet the pioneers embracing design as a greener way of life,t
This piece of plastic can turn almost any gun into a machine gun,t
The next frontier in the tech battle between the US and China,t
"From railways to ports, these infrastructure megaprojects are reshaping Africa",t
The innovations solving renewable energy’s biggest problem,t
How this tech giant is developing a more digital Africa,t
This CNN Hero upcycles old computers to open new worlds for young Kenyans,t
CNN Heroes: Nelly Cheboi,t
GrabMaps: Singapore super app unveils new technology,t
"Africa’s next big thing will be its tech startups, says prolific investor",t
The balance of power is shifting in the tech industry,t
The solar-powered vehicles reinventing electric transport,t
See a simulation of AI technology being used to prevent a mass shooting,t
How innovation can transform the way we pay,t
FTC chair issues a warning shot to the tech industry,t
Russia and China are ahead of US in hypersonic missile technology. Here's why,t
How aviation is becoming more sustainable,t
See how Google's new AR technology works,t
Europe agrees to sweeping new regulations for tech platforms,t
See how AI can predict future cancer risk,t
How to invest in tech and leave Facebook behind,t
The next frontier in the tech battle between the US and China,t
"From railways to ports, these infrastructure megaprojects are reshaping Africa",t
The innovations solving renewable energy’s biggest problem,t
How this tech giant is developing a more digital Africa,t
This CNN Hero upcycles old computers to open new worlds for young Kenyans,t
CNN Heroes: Nelly Cheboi,t
GrabMaps: Singapore super app unveils new technology,t
"Africa’s next big thing will be its tech startups, says prolific investor",t
The balance of power is shifting in the tech industry,t
The solar-powered vehicles reinventing electric transport,t
See a simulation of AI technology being used to prevent a mass shooting,t
How innovation can transform the way we pay,t
FTC chair issues a warning shot to the tech industry,t
Russia and China are ahead of US in hypersonic missile technology. Here's why,t
How aviation is becoming more sustainable,t
See how Google's new AR technology works,t
Europe agrees to sweeping new regulations for tech platforms,t
See how AI can predict future cancer risk,t
How to invest in tech and leave Facebook behind,t
EU officials agree on sweeping new rules targeting Big Tech,t
Why the future of sports training could be wearable,t
Sen. Klobuchar: Local media needs to be able to compete with Big Tech for ad dollars,t
On GPS: Is Big Tech too big?,t
Smart homes see big breakthrough at CES 2022,t
Asian brands unveil future mobility at CES 2022,t
How wearable tech is helping athletes reach the next level,t
"Smartphones, laptops and oddball gadgets: CES 2022 showcases tech’s latest innovations",t
Where Big Tech is taking us in 2022,t
The biggest tech fails of 2021,t
The tech we couldn’t live without in 2021,t
The solar-powered vehicles reinventing electric transport,t
See a simulation of AI technology being used to prevent a mass shooting,t
How innovation can transform the way we pay,t
FTC chair issues a warning shot to the tech industry,t
Russia and China are ahead of US in hypersonic missile technology. Here's why,t
How aviation is becoming more sustainable,t
See how Google's new AR technology works,t
Europe agrees to sweeping new regulations for tech platforms,t
See how AI can predict future cancer risk,t
How to invest in tech and leave Facebook behind,t
EU officials agree on sweeping new rules targeting Big Tech,t
Why the future of sports training could be wearable,t
Sen. Klobuchar: Local media needs to be able to compete with Big Tech for ad dollars,t
On GPS: Is Big Tech too big?,t
Smart homes see big breakthrough at CES 2022,t
Asian brands unveil future mobility at CES 2022,t
How wearable tech is helping athletes reach the next level,t
"Smartphones, laptops and oddball gadgets: CES 2022 showcases tech’s latest innovations",t
Where Big Tech is taking us in 2022,t
The biggest tech fails of 2021,t
The tech we couldn’t live without in 2021,t
The best tech gadgets we tested in 2021,t
How tech injects new life to the health sector in South Africa,t
How one cloud tech company is fostering Africa's digital transformation,t
Algorithms are everywhere. Here’s why you should care,t
Meet the teens making the digital world a kinder and gentler place,t
This new technology can power thousands of homes,t
How technology is changing the red-hot housing market,t
The rise of online learning: How Byju's became India's biggest edtech company,t
Botswana welder aims to inspire with 9-meter-tall robot,t
EU officials agree on sweeping new rules targeting Big Tech,t
Why the future of sports training could be wearable,t
Sen. Klobuchar: Local media needs to be able to compete with Big Tech for ad dollars,t
On GPS: Is Big Tech too big?,t
Smart homes see big breakthrough at CES 2022,t
Asian brands unveil future mobility at CES 2022,t
How wearable tech is helping athletes reach the next level,t
"Smartphones, laptops and oddball gadgets: CES 2022 showcases tech’s latest innovations",t
Where Big Tech is taking us in 2022,t
The biggest tech fails of 2021,t
The tech we couldn’t live without in 2021,t
The best tech gadgets we tested in 2021,t
How tech injects new life to the health sector in South Africa,t
How one cloud tech company is fostering Africa's digital transformation,t
Algorithms are everywhere. Here’s why you should care,t
Meet the teens making the digital world a kinder and gentler place,t
This new technology can power thousands of homes,t
How technology is changing the red-hot housing market,t
The rise of online learning: How Byju's became India's biggest edtech company,t
Botswana welder aims to inspire with 9-meter-tall robot,t
How tech is reimagining agriculture in Nigeria,t
The technology inspired by return work,t
"India’s got the next big thing in tech, and it could be worth $1 trillion",t
Beijing's master plan behind China's tech crackdown,t
"These high-tech, low-emission innovations could be the future of transport",t
These robots are revolutionizing healthcare,t
This is what the future of mobility looks like,t
IBM CEO: The biggest challenge holding back our economy right now,t
How these telemedicine companies are innovating in the pandemic,t
What’s happening with cyberattacks in the US,t
The tech we couldn’t live without in 2021,t
The best tech gadgets we tested in 2021,t
How tech injects new life to the health sector in South Africa,t
How one cloud tech company is fostering Africa's digital transformation,t
Algorithms are everywhere. Here’s why you should care,t
Meet the teens making the digital world a kinder and gentler place,t
This new technology can power thousands of homes,t
How technology is changing the red-hot housing market,t
The rise of online learning: How Byju's became India's biggest edtech company,t
Botswana welder aims to inspire with 9-meter-tall robot,t
How tech is reimagining agriculture in Nigeria,t
The technology inspired by return work,t
"India’s got the next big thing in tech, and it could be worth $1 trillion",t
Beijing's master plan behind China's tech crackdown,t
"These high-tech, low-emission innovations could be the future of transport",t
These robots are revolutionizing healthcare,t
This is what the future of mobility looks like,t
IBM CEO: The biggest challenge holding back our economy right now,t
How these telemedicine companies are innovating in the pandemic,t
What’s happening with cyberattacks in the US,t
Will tech play a role in metal forging in South Africa?,t
How younger generations prefer to work,t
People of color have a new enemy: techno-racism,t
Microsoft president: This is what technology will be like in 2030,t
"Are we ready for our smart home devices to become truly ‘smart\""?",t
Do the 1990s hold the key to sustainable websites?,t
Ingenuity project manager: 'Game-changing' to be able to fly on Mars,t
Ditch your ugly tech with these nearly invisible smart gadgets,t
How digital twin technology helped one of London's busiest stations through the pandemic,t
China lays out its 5-year tech master plan,t
All of the moments and discoveries that provided us with wonder in 2022,t
"Meet the physicist writing over 1,700 bios for unknown women scientists",t
Webb telescope’s first photos reveal unseen aspects of the universe,t
The problem with the Big Bang theory,t
This Nobel Prize is a game-changer,t
All eyes on the Nobel Prizes for science next week. Here’s what to expect,t
Biden administration asks for public’s help to bring science back,t
The South African scientists breaking new ground,t
Science and pop culture look to the skies to answer the ultimate question: Are we alone?,t
Riskiest job in space and more top science stories this week,t
Stunning birth of a star and more top space and science stories this week,t
"Amid Covid-19 confusion, remember that 'science requires patience'",t
It took a sea and land journey to prove to scientists they were wrong about physics,t
Women are leading the way on biology’s frontier. Here’s how to open up all of science to them,t
How space-age technology has helped us on Earth,t
Science’s most fascinating and awe-inspiring discoveries in 2020,t
The year 2020 in scientific discoveries,t
These science-fiction inventions became reality,t
America’s devastating divorce from science,t
White House says science is on the side of reopening schools,t
"How you can hike, bike, ski and dive for science",t
Science by press release: When the story gets ahead of the science,t
Fareed's Take: How to 'follow the science',t
Inslee: Need to base decisions on 'science & reality',t
"Sebelius: Don't rely on Trump's hunches, rely on science",t
The heroines STEM: Ten women in science you should know,t
Stunning birth of a star and more top space and science stories this week,t
"Amid Covid-19 confusion, remember that 'science requires patience'",t
It took a sea and land journey to prove to scientists they were wrong about physics,t
Women are leading the way on biology’s frontier. Here’s how to open up all of science to them,t
How space-age technology has helped us on Earth,t
Science’s most fascinating and awe-inspiring discoveries in 2020,t
The year 2020 in scientific discoveries,t
These science-fiction inventions became reality,t
America’s devastating divorce from science,t
White House says science is on the side of reopening schools,t
"How you can hike, bike, ski and dive for science",t
Science by press release: When the story gets ahead of the science,t
Fareed's Take: How to 'follow the science',t
Inslee: Need to base decisions on 'science & reality',t
"Sebelius: Don't rely on Trump's hunches, rely on science",t
The heroines STEM: Ten women in science you should know,t
"How you can hike, bike, ski and dive for science",t
Science by press release: When the story gets ahead of the science,t
Fareed's Take: How to 'follow the science',t
Inslee: Need to base decisions on 'science & reality',t
"Sebelius: Don't rely on Trump's hunches, rely on science",t
The heroines STEM: Ten women in science you should know,t
Trump releases doctor’s note saying he is in ‘excellent’ health,t
CNN Exclusive: Egypt's Health Minister on the health crisis in Gaza,t
"As Earth’s temperature rises, so do deaths among people with mental health problems",t
"Developing multiple health conditions, including cancer, linked to ultraprocessed foods",t
"Best ways to counter the harmful effects of sitting, according to research",t
"Lack of certain types of social connection linked with higher risk of dying early, study finds",t
Foods that improve brain function and mood,t
"Health workers face mental health crisis, CDC says",t
Does the FDA consider almonds 'unhealthy'?,t
Fast food's healthy arms race,t
How does health care differ globally?,t
The president makes his pitch for Obamacare,t
How to get health care like a billionaire,t
Buffett on 'runaway' health care costs,t
Health care ‘game-changer’? Feds boost care for homeless Americans,t
Tattoos of the future could monitor our health,t
‘Healthy eating’ curriculum can do more harm than good,t
How AI is helping 'drug hunters' succeed,t
Can health be inspired?,t
What happens if you exercise but don’t eat well?,t
This is what happens to your body when you breathe polluted air,t
"1 in 4 people who eat healthy meals blow it on snacks, study says",t
"For aging bodies, this type of workout may be better than jogging",t
How we'll thrive in 2050,t
Former Apple CEO on healthcare and automation,t
How AI can change life itself,t
How will we handle future pandemics?,t
A discussion about children's mental health,t
This wearable device can read your brain,t
"Deaths, disabilities from heart problems related to air pollution are on the rise, study finds",t
The president makes his pitch for Obamacare,t
How to get health care like a billionaire,t
Buffett on 'runaway' health care costs,t
Health care ‘game-changer’? Feds boost care for homeless Americans,t
Tattoos of the future could monitor our health,t
‘Healthy eating’ curriculum can do more harm than good,t
How AI is helping 'drug hunters' succeed,t
Can health be inspired?,t
What happens if you exercise but don’t eat well?,t
This is what happens to your body when you breathe polluted air,t
"1 in 4 people who eat healthy meals blow it on snacks, study says",t
"For aging bodies, this type of workout may be better than jogging",t
How we'll thrive in 2050,t
Former Apple CEO on healthcare and automation,t
How AI can change life itself,t
How will we handle future pandemics?,t
A discussion about children's mental health,t
This wearable device can read your brain,t
"Deaths, disabilities from heart problems related to air pollution are on the rise, study finds",t
Opinion: Health questions around McConnell and Feinstein raise a critical concern,t
"With climate change, health care providers should be more mindful of heat-related illness, doctors say",t
"Keeping positive people around can add years to your life, study shows",t
"What’s more important as you age — stretching, balance work or strength training?",t
"When heat turns dangerous, ER doctors do ‘whatever it takes’ to treat patients",t
UK's National Health Service turns 75,t
NHS at 75: Vintage photos document the birth of free healthcare in Britain,t
How can people stay healthy in hot weather? Our medical analyst explains,t
Dads need to make healthy behaviors a part of their lives as they age,t
Most people have problems with their health insurance but like it anyway,t
How wildfire smoke can affect your health,t
"1 in 4 people who eat healthy meals blow it on snacks, study says",t
"For aging bodies, this type of workout may be better than jogging",t
How we'll thrive in 2050,t
Former Apple CEO on healthcare and automation,t
How AI can change life itself,t
How will we handle future pandemics?,t
A discussion about children's mental health,t
This wearable device can read your brain,t
"Deaths, disabilities from heart problems related to air pollution are on the rise, study finds",t
Opinion: Health questions around McConnell and Feinstein raise a critical concern,t
"With climate change, health care providers should be more mindful of heat-related illness, doctors say",t
"Keeping positive people around can add years to your life, study shows",t
"What’s more important as you age — stretching, balance work or strength training?",t
"When heat turns dangerous, ER doctors do ‘whatever it takes’ to treat patients",t
UK's National Health Service turns 75,t
NHS at 75: Vintage photos document the birth of free healthcare in Britain,t
How can people stay healthy in hot weather? Our medical analyst explains,t
Dads need to make healthy behaviors a part of their lives as they age,t
Most people have problems with their health insurance but like it anyway,t
How wildfire smoke can affect your health,t
"How to stay healthy this summer, according to an expert",t
"A national safety board made transportation safer and could do the same for health care, advocates say",t
5 healthy habits that are easy to add to your day,t
"How much you exercise may impact your flu and pneumonia risk, study shows",t
10 foods nutritionists eat when they’re sick,t
"Yes, you can eat your way to heart health. Here’s how",t
"What’s the healthiest cheese? The best options, according to experts",t
"Adding exercise into treatment may reduce substance use, study shows",t
How to exercise when you have a chronic condition or a disability,t
Aging Well with Strength Training,t
"With climate change, health care providers should be more mindful of heat-related illness, doctors say",t
"Keeping positive people around can add years to your life, study shows",t
"What’s more important as you age — stretching, balance work or strength training?",t
"When heat turns dangerous, ER doctors do ‘whatever it takes’ to treat patients",t
UK's National Health Service turns 75,t
NHS at 75: Vintage photos document the birth of free healthcare in Britain,t
How can people stay healthy in hot weather? Our medical analyst explains,t
Dads need to make healthy behaviors a part of their lives as they age,t
Most people have problems with their health insurance but like it anyway,t
How wildfire smoke can affect your health,t
"How to stay healthy this summer, according to an expert",t
"A national safety board made transportation safer and could do the same for health care, advocates say",t
5 healthy habits that are easy to add to your day,t
"How much you exercise may impact your flu and pneumonia risk, study shows",t
10 foods nutritionists eat when they’re sick,t
"Yes, you can eat your way to heart health. Here’s how",t
"What’s the healthiest cheese? The best options, according to experts",t
"Adding exercise into treatment may reduce substance use, study shows",t
How to exercise when you have a chronic condition or a disability,t
Aging Well with Strength Training,t
"Most US adults and a third of children use dietary supplements, survey finds",t
5 easy steps to get healthier,t
How to make your community livable for you now and in the years ahead,t
"Strong, steady friendships may be an asset to your physiological health, study shows",t
"‘Equal opportunity to be healthy’: Stricter air pollution standards would benefit some populations more than others, study says",t
Being ‘socially frail’ comes with health risks for older adults,t
"Opinion: If you think your health is a private matter, see what’s happening to your data",t
Here are the signs of an eating disorder — the ones you know and the ones you don’t,t
"Whether or not you have ever lifted a weight, you can protect your brain health now",t
What is the healthiest bread to eat?,t
"How to stay healthy this summer, according to an expert",t
"A national safety board made transportation safer and could do the same for health care, advocates say",t
5 healthy habits that are easy to add to your day,t
"How much you exercise may impact your flu and pneumonia risk, study shows",t
10 foods nutritionists eat when they’re sick,t
"Yes, you can eat your way to heart health. Here’s how",t
"What’s the healthiest cheese? The best options, according to experts",t
"Adding exercise into treatment may reduce substance use, study shows",t
How to exercise when you have a chronic condition or a disability,t
Aging Well with Strength Training,t
"Most US adults and a third of children use dietary supplements, survey finds",t
5 easy steps to get healthier,t
How to make your community livable for you now and in the years ahead,t
"Strong, steady friendships may be an asset to your physiological health, study shows",t
"‘Equal opportunity to be healthy’: Stricter air pollution standards would benefit some populations more than others, study says",t
Being ‘socially frail’ comes with health risks for older adults,t
"Opinion: If you think your health is a private matter, see what’s happening to your data",t
Here are the signs of an eating disorder — the ones you know and the ones you don’t,t
"Whether or not you have ever lifted a weight, you can protect your brain health now",t
What is the healthiest bread to eat?,t
Opinion: Caring for aging parents is hard. There’s something you can do to make it easier,t
"Long-term exposure to air pollution may raise risk of depression later in life, study says",t
"Healthy lifestyle may mean lower risk of long Covid, study says",t
"US spends most on health care but has worst health outcomes among high-income countries, new report finds",t
New poll shows jump in adults who rate the quality of US health care as ‘poor’,t
"Enjoying nature may lessen need for some medications, study finds",t
"It seems like everyone’s getting sick this winter. Parents and health care workers, how are you coping?",t
"Sitting too much is bad for your health, but offsetting the impact is easy, study shows",t
"Here’s how to eat to live longer, new study says",t
Extend your life with these New Year’s resolutions,t
"Most US adults and a third of children use dietary supplements, survey finds",t
5 easy steps to get healthier,t
How to make your community livable for you now and in the years ahead,t
"Strong, steady friendships may be an asset to your physiological health, study shows",t
"‘Equal opportunity to be healthy’: Stricter air pollution standards would benefit some populations more than others, study says",t
Being ‘socially frail’ comes with health risks for older adults,t
"Opinion: If you think your health is a private matter, see what’s happening to your data",t
Here are the signs of an eating disorder — the ones you know and the ones you don’t,t
"Whether or not you have ever lifted a weight, you can protect your brain health now",t
What is the healthiest bread to eat?,t
Opinion: Caring for aging parents is hard. There’s something you can do to make it easier,t
"Long-term exposure to air pollution may raise risk of depression later in life, study says",t
"Healthy lifestyle may mean lower risk of long Covid, study says",t
"US spends most on health care but has worst health outcomes among high-income countries, new report finds",t
New poll shows jump in adults who rate the quality of US health care as ‘poor’,t
"Enjoying nature may lessen need for some medications, study finds",t
"It seems like everyone’s getting sick this winter. Parents and health care workers, how are you coping?",t
"Sitting too much is bad for your health, but offsetting the impact is easy, study shows",t
"Here’s how to eat to live longer, new study says",t
Extend your life with these New Year’s resolutions,t
VIDEO: Sanjay Gupta wraps up the top 10 health stories of 2022,t
"This year’s top health-related Google searches are in, and Covid-19 is nowhere to be found",t
"Dementia risk may increase if you’re eating these foods, study says",t
Community health groups that played crucial role during Covid-19 pandemic say they’re being left out of government funding,t
"Having good physical balance ‘makes life worth living,’ expert says",t
Working full time doesn’t always make it easier to get health insurance at the job,t
"Hospitalizations for eating disorders grew in the pandemic. The problem isn’t over, experts say",t
"Don’t bother with dietary supplements for heart health, study says",t
"The biggest health insurance mysteries, and how to decode them",t
"Opinion: How to fix American health care, according to 6 experts",t
Opinion: Caring for aging parents is hard. There’s something you can do to make it easier,t
"Long-term exposure to air pollution may raise risk of depression later in life, study says",t
"Healthy lifestyle may mean lower risk of long Covid, study says",t
"US spends most on health care but has worst health outcomes among high-income countries, new report finds",t
New poll shows jump in adults who rate the quality of US health care as ‘poor’,t
"Enjoying nature may lessen need for some medications, study finds",t
"It seems like everyone’s getting sick this winter. Parents and health care workers, how are you coping?",t
"Sitting too much is bad for your health, but offsetting the impact is easy, study shows",t
"Here’s how to eat to live longer, new study says",t
Extend your life with these New Year’s resolutions,t
VIDEO: Sanjay Gupta wraps up the top 10 health stories of 2022,t
"This year’s top health-related Google searches are in, and Covid-19 is nowhere to be found",t
"Dementia risk may increase if you’re eating these foods, study says",t
Community health groups that played crucial role during Covid-19 pandemic say they’re being left out of government funding,t
"Having good physical balance ‘makes life worth living,’ expert says",t
Working full time doesn’t always make it easier to get health insurance at the job,t
"Hospitalizations for eating disorders grew in the pandemic. The problem isn’t over, experts say",t
"Don’t bother with dietary supplements for heart health, study says",t
"The biggest health insurance mysteries, and how to decode them",t
"Opinion: How to fix American health care, according to 6 experts",t
"Sleep may be just as important to heart health as diet and physical activity, research finds",t
"Look to exercise to extend life, even for the oldest, study says",t
A mental health playbook to support your child,t
FDA proposes updates to ‘healthy’ claim on food packages,t
"Women’s health got worse in 2021, global survey finds",t
Opinion: CVS Health CEO: It’s time for business leaders to get serious about mental health,t
"Religion linked to better measures of heart health among Black Americans, study says",t
Hear from a cardiologist why you shouldn't fear taking statins,t
"Want to lower your risk of early death? 3 activities are most beneficial, study says",t
"9 habits linked to a longer, happier life",t
VIDEO: Sanjay Gupta wraps up the top 10 health stories of 2022,t
"This year’s top health-related Google searches are in, and Covid-19 is nowhere to be found",t
"Dementia risk may increase if you’re eating these foods, study says",t
Community health groups that played crucial role during Covid-19 pandemic say they’re being left out of government funding,t
"Having good physical balance ‘makes life worth living,’ expert says",t
Working full time doesn’t always make it easier to get health insurance at the job,t
"Hospitalizations for eating disorders grew in the pandemic. The problem isn’t over, experts say",t
"Don’t bother with dietary supplements for heart health, study says",t
"The biggest health insurance mysteries, and how to decode them",t
"Opinion: How to fix American health care, according to 6 experts",t
"Sleep may be just as important to heart health as diet and physical activity, research finds",t
"Look to exercise to extend life, even for the oldest, study says",t
A mental health playbook to support your child,t
FDA proposes updates to ‘healthy’ claim on food packages,t
"Women’s health got worse in 2021, global survey finds",t
Opinion: CVS Health CEO: It’s time for business leaders to get serious about mental health,t
"Religion linked to better measures of heart health among Black Americans, study says",t
Hear from a cardiologist why you shouldn't fear taking statins,t
"Want to lower your risk of early death? 3 activities are most beneficial, study says",t
"9 habits linked to a longer, happier life",t
Is losing weight an important health goal?,t
Health departments apply lessons learned from Covid to other public health concerns,t
How to talk – or not talk – to kids about weight,t
This doctor reversed heart disease. Now he wants to do it for Alzheimer’s,t
Reduce dementia risk with these food and activity choices,t
See tech that's helping Parkinson's patients,t
Walmart EVP on healthcare in rural communities,t
Innovating at home medical testing,t
6 inexpensive ways to eat healthy at home,t
Extreme heat is bad for everyone’s health – and it’s getting worse,t
"Opinion: How to fix American health care, according to 6 experts",t
"Sleep may be just as important to heart health as diet and physical activity, research finds",t
"Look to exercise to extend life, even for the oldest, study says",t
A mental health playbook to support your child,t
FDA proposes updates to ‘healthy’ claim on food packages,t
"Women’s health got worse in 2021, global survey finds",t
Opinion: CVS Health CEO: It’s time for business leaders to get serious about mental health,t
"Religion linked to better measures of heart health among Black Americans, study says",t
Hear from a cardiologist why you shouldn't fear taking statins,t
"Want to lower your risk of early death? 3 activities are most beneficial, study says",t
"9 habits linked to a longer, happier life",t
Is losing weight an important health goal?,t
Health departments apply lessons learned from Covid to other public health concerns,t
How to talk – or not talk – to kids about weight,t
This doctor reversed heart disease. Now he wants to do it for Alzheimer’s,t
Reduce dementia risk with these food and activity choices,t
See tech that's helping Parkinson's patients,t
Walmart EVP on healthcare in rural communities,t
Innovating at home medical testing,t
6 inexpensive ways to eat healthy at home,t
Extreme heat is bad for everyone’s health – and it’s getting worse,t
"8 myths about diet, exercise and sleep",t
Can we grow a personalized human heart?,t
Can we cure aging?,t
The future of cancer research,t
How does a virus eat bacteria?,t
"Social stress prematurely ages your immune system, study finds",t
3 ways to improve your health through your gut microbiome,t
Same county tops healthiest US community ranking for the third year in a row,t
"Are you wasting your money on supplements? Most likely, experts say",t
Is losing weight an important health goal?,t
Health departments apply lessons learned from Covid to other public health concerns,t
How to talk – or not talk – to kids about weight,t
This doctor reversed heart disease. Now he wants to do it for Alzheimer’s,t
Reduce dementia risk with these food and activity choices,t
See tech that's helping Parkinson's patients,t
Walmart EVP on healthcare in rural communities,t
Innovating at home medical testing,t
6 inexpensive ways to eat healthy at home,t
Extreme heat is bad for everyone’s health – and it’s getting worse,t
"8 myths about diet, exercise and sleep",t
Can we grow a personalized human heart?,t
Can we cure aging?,t
The future of cancer research,t
How does a virus eat bacteria?,t
"Social stress prematurely ages your immune system, study finds",t
3 ways to improve your health through your gut microbiome,t
Same county tops healthiest US community ranking for the third year in a row,t
"Are you wasting your money on supplements? Most likely, experts say",t
I gave up dieting for my kids. Here’s why,t
Is helping others the best medicine?,t
Walmart's Cheryl Pegus: Everybody deserves healthy food,t
Canadian doctors are prescribing free passes to national parks to treat patients,t
Opinion: We need to do more to prevent burnout among health care workers,t
Could lab-grown organs and cancer vaccines be the future of medicine?,t
CNN Heroes: Fighting for health equity,t
"Costs top Americans’ health care concerns, new poll finds",t
Know someone with an eating disorder? Here are 6 key ways you can help,t
Does spirituality belong at the doctor’s office?,t
"Having certain health conditions in adolescence may be linked with faster aging in adulthood, study says",t
Extreme heat is bad for everyone’s health – and it’s getting worse,t
"8 myths about diet, exercise and sleep",t
Can we grow a personalized human heart?,t
Can we cure aging?,t
The future of cancer research,t
How does a virus eat bacteria?,t
"Social stress prematurely ages your immune system, study finds",t
3 ways to improve your health through your gut microbiome,t
Same county tops healthiest US community ranking for the third year in a row,t
"Are you wasting your money on supplements? Most likely, experts say",t
I gave up dieting for my kids. Here’s why,t
Is helping others the best medicine?,t
Walmart's Cheryl Pegus: Everybody deserves healthy food,t
Canadian doctors are prescribing free passes to national parks to treat patients,t
Opinion: We need to do more to prevent burnout among health care workers,t
Could lab-grown organs and cancer vaccines be the future of medicine?,t
CNN Heroes: Fighting for health equity,t
"Costs top Americans’ health care concerns, new poll finds",t
Know someone with an eating disorder? Here are 6 key ways you can help,t
Does spirituality belong at the doctor’s office?,t
"Having certain health conditions in adolescence may be linked with faster aging in adulthood, study says",t
"The muscly guy at the gym may be at risk for an eating disorder, experts say",t
This wearable tech talks directly to your doctor,t
"'State-of-the-art' health tech needed after pandemic, says Siemens boss",t
Federal government makes a push for community health centers to provide virtual health services beyond the pandemic,t
"Long life comes from eating right, studies say. Here’s how to begin",t
‘I couldn’t stop.’ The pandemic is triggering eating disorders in our children,t
Healthcare costs are climbing and Americans are struggling to pay,t
Here’s the way to exercise for better balance,t
Why tea is good for you and how to make the perfect cup,t
I gave up dieting for my kids. Here’s why,t
Is helping others the best medicine?,t
Walmart's Cheryl Pegus: Everybody deserves healthy food,t
Canadian doctors are prescribing free passes to national parks to treat patients,t
Opinion: We need to do more to prevent burnout among health care workers,t
Could lab-grown organs and cancer vaccines be the future of medicine?,t
CNN Heroes: Fighting for health equity,t
"Costs top Americans’ health care concerns, new poll finds",t
Know someone with an eating disorder? Here are 6 key ways you can help,t
Does spirituality belong at the doctor’s office?,t
"Having certain health conditions in adolescence may be linked with faster aging in adulthood, study says",t
"The muscly guy at the gym may be at risk for an eating disorder, experts say",t
This wearable tech talks directly to your doctor,t
"'State-of-the-art' health tech needed after pandemic, says Siemens boss",t
Federal government makes a push for community health centers to provide virtual health services beyond the pandemic,t
"Long life comes from eating right, studies say. Here’s how to begin",t
‘I couldn’t stop.’ The pandemic is triggering eating disorders in our children,t
Healthcare costs are climbing and Americans are struggling to pay,t
Here’s the way to exercise for better balance,t
Why tea is good for you and how to make the perfect cup,t
Self-care won’t save us from exhaustion. This other strategy might,t
"Men living alone are at greater risk of inflammation, study says",t
"Despite my health challenges, I choose to heal",t
Dr. Gupta shares his 3 pillars of health for 2022,t
Nordic walking for health and safety,t
Strong relationships may help you live longer,t
10 tips on how to find your ‘sweet spot’ for self-care,t
"Children's mental health in crisis, made worse by pandemic",t
How tech injects new life to the health sector in South Africa,t
What a public health expert is grateful for this Thanksgiving,t
"Having certain health conditions in adolescence may be linked with faster aging in adulthood, study says",t
"The muscly guy at the gym may be at risk for an eating disorder, experts say",t
This wearable tech talks directly to your doctor,t
"'State-of-the-art' health tech needed after pandemic, says Siemens boss",t
Federal government makes a push for community health centers to provide virtual health services beyond the pandemic,t
"Long life comes from eating right, studies say. Here’s how to begin",t
‘I couldn’t stop.’ The pandemic is triggering eating disorders in our children,t
Healthcare costs are climbing and Americans are struggling to pay,t
Here’s the way to exercise for better balance,t
Why tea is good for you and how to make the perfect cup,t
Self-care won’t save us from exhaustion. This other strategy might,t
"Men living alone are at greater risk of inflammation, study says",t
"Despite my health challenges, I choose to heal",t
Dr. Gupta shares his 3 pillars of health for 2022,t
Nordic walking for health and safety,t
Strong relationships may help you live longer,t
10 tips on how to find your ‘sweet spot’ for self-care,t
"Children's mental health in crisis, made worse by pandemic",t
How tech injects new life to the health sector in South Africa,t
What a public health expert is grateful for this Thanksgiving,t
How to use food to boost your immune system,t
This technique can help you lose weight healthily,t
Google engineer: What my own health scare taught me about the sharing of medical data,t
How to enjoy working out if you hate exercise,t
Fad diets are out. It’s your lifestyle habits that matter,t
Report warns of climate change’s ‘code red’ impact on health,t
"Climate crisis is ‘single biggest health threat facing humanity,’ WHO says, calling on world leaders to act",t
These simple ways to focus on your mental health can make a huge difference,t
"US is not prepared for next pandemic, science writer warns",t
"Workplace cafes can play a role in your weight loss, study finds",t
"Men living alone are at greater risk of inflammation, study says",t
"Despite my health challenges, I choose to heal",t
Dr. Gupta shares his 3 pillars of health for 2022,t
Nordic walking for health and safety,t
Strong relationships may help you live longer,t
10 tips on how to find your ‘sweet spot’ for self-care,t
"Children's mental health in crisis, made worse by pandemic",t
How tech injects new life to the health sector in South Africa,t
What a public health expert is grateful for this Thanksgiving,t
How to use food to boost your immune system,t
This technique can help you lose weight healthily,t
Google engineer: What my own health scare taught me about the sharing of medical data,t
How to enjoy working out if you hate exercise,t
Fad diets are out. It’s your lifestyle habits that matter,t
Report warns of climate change’s ‘code red’ impact on health,t
"Climate crisis is ‘single biggest health threat facing humanity,’ WHO says, calling on world leaders to act",t
These simple ways to focus on your mental health can make a huge difference,t
"US is not prepared for next pandemic, science writer warns",t
"Workplace cafes can play a role in your weight loss, study finds",t
What is the healthiest fish to eat? The best choices for you and the planet,t
Are you Teflon or Velcro around stress? It matters,t
"Studies show White people still dominate health care spending in US, despite efforts to even out disparities",t
Surgeon general on the dangers of health disinformation,t
How your ‘healthy’ lifestyle can be making you tired,t
US comes in last in health care rankings of high-income countries,t
A doctor’s diagnosis of our broken public health system,t
Employee mental health is a huge concern after such a brutal stretch,t
Surgeon general issues warning about sharing health information on social media,t
Same county tops healthiest US community ranking for the second year in a row,t
Dr. Leana Wen shows us how she travels safely with her unvaccinated children,t
